-- phpMyAdmin SQL Dump
-- version 5.0.1
-- https://www.phpmyadmin.net/
--
-- Host: localhost
-- 생성 시간: 20-12-08 05:32
-- 서버 버전: 10.3.22-MariaDB
-- PHP 버전: 7.3.18

SET SQL_MODE = "NO_AUTO_VALUE_ON_ZERO";
SET AUTOCOMMIT = 0;
START TRANSACTION;
SET time_zone = "+00:00";


/*!40101 SET @OLD_CHARACTER_SET_CLIENT=@@CHARACTER_SET_CLIENT */;
/*!40101 SET @OLD_CHARACTER_SET_RESULTS=@@CHARACTER_SET_RESULTS */;
/*!40101 SET @OLD_COLLATION_CONNECTION=@@COLLATION_CONNECTION */;
/*!40101 SET NAMES utf8mb4 */;

--
-- 데이터베이스: `sale9`
--
CREATE DATABASE IF NOT EXISTS `sale9` DEFAULT CHARACTER SET utf8 COLLATE utf8_general_ci;
USE `sale9`;

-- --------------------------------------------------------

--
-- 테이블 구조 `aji`
--

CREATE TABLE `aji` (
  `no` int(11) NOT NULL,
  `name` varchar(20) DEFAULT NULL,
  `sogae` varchar(255) DEFAULT NULL,
  `image` varchar(20) DEFAULT NULL
) ENGINE=InnoDB DEFAULT CHARSET=utf8;

--
-- 테이블의 덤프 데이터 `aji`
--

INSERT INTO `aji` (`no`, `name`, `sogae`, `image`) VALUES
(2, '말티즈2', '말티즈는...   2', '말티즈2.jpg'),
(3, '말티즈', '말티즈는...   ', '말피즈.jpg'),
(4, '포메라니안', '중앙유럽에 있는 포메라니아 지역에서 유래된 스피츠 종류의 애완견이다.', '포메.jpg'),
(5, '시추', '시추는 중국에서 비롯한 개 품종이며 과거 중국 황실이 기르던 견종이다. ', '시추.jpg'),
(6, '비글', '비글은 개 품종의 하나이다. 외모는 억세어 보이며, 몸에 군더더기 살이 없고, 짧은 털이 빽빽하게 나 있다.   ', '비글.jpg'),
(8, '골든 리트리버', '골든 리트리버는 개의 품종 중 하나로, 골든 리트리버의 원산지는 영국 스코트랜드이다.', '골든_리트리버.jpg');

-- --------------------------------------------------------

--
-- 테이블 구조 `good`
--

CREATE TABLE `good` (
  `no` int(11) NOT NULL,
  `member_no` int(11) DEFAULT NULL,
  `jagpum_no` int(11) DEFAULT NULL
) ENGINE=InnoDB DEFAULT CHARSET=utf8;

--
-- 테이블의 덤프 데이터 `good`
--

INSERT INTO `good` (`no`, `member_no`, `jagpum_no`) VALUES
(21, 60, 11),
(23, 61, 15),
(26, 56, 11),
(27, 56, 17),
(35, 56, 15),
(40, 63, 20),
(41, 63, 19),
(42, 63, 18),
(43, 64, 22),
(44, 64, 21),
(45, 64, 20),
(46, 64, 18),
(47, 64, 19),
(48, 65, 23),
(49, 65, 24),
(50, 65, 22),
(51, 65, 20),
(52, 65, 18),
(53, 65, 19),
(54, 66, 26),
(55, 66, 25),
(56, 66, 24),
(57, 66, 22),
(58, 66, 21),
(59, 66, 20),
(60, 66, 19),
(61, 66, 18),
(62, 66, 23),
(63, 67, 28),
(64, 67, 27),
(65, 67, 26),
(66, 67, 25),
(67, 67, 24),
(68, 67, 23),
(69, 67, 21),
(70, 67, 22),
(71, 67, 20),
(72, 67, 19),
(73, 67, 18),
(74, 68, 29),
(75, 68, 28),
(76, 68, 27),
(77, 68, 26),
(78, 68, 25),
(79, 68, 22),
(80, 68, 24),
(81, 68, 23),
(82, 68, 21),
(83, 68, 20),
(84, 68, 19),
(85, 68, 18),
(86, 69, 31),
(87, 69, 30),
(88, 69, 29),
(89, 69, 28),
(90, 69, 27),
(91, 69, 26),
(92, 69, 25),
(93, 69, 24),
(94, 69, 23),
(95, 69, 22),
(96, 69, 21),
(97, 69, 20),
(98, 69, 19),
(99, 69, 18),
(101, 70, 32),
(102, 70, 31),
(103, 70, 30),
(104, 70, 29),
(105, 70, 25),
(106, 70, 26),
(107, 70, 24),
(108, 70, 23),
(109, 70, 21),
(110, 70, 22),
(111, 70, 20),
(112, 70, 19),
(113, 70, 18),
(114, 59, 27);

-- --------------------------------------------------------

--
-- 테이블 구조 `gubun`
--

CREATE TABLE `gubun` (
  `no9` int(11) NOT NULL,
  `name9` varchar(20) DEFAULT NULL
) ENGINE=InnoDB DEFAULT CHARSET=utf8;

--
-- 테이블의 덤프 데이터 `gubun`
--

INSERT INTO `gubun` (`no9`, `name9`) VALUES
(1, '라면'),
(2, '채소'),
(3, '과자1'),
(33, '음료수'),
(35, '테스트'),
(38, '사료'),
(39, '고기'),
(40, '과자2');

-- --------------------------------------------------------

--
-- 테이블 구조 `jagpum`
--

CREATE TABLE `jagpum` (
  `no` int(11) NOT NULL,
  `name` varchar(20) DEFAULT NULL,
  `member_no` int(11) DEFAULT NULL,
  `pic` varchar(255) DEFAULT NULL,
  `exp` varchar(50) DEFAULT NULL,
  `writeday` date DEFAULT NULL
) ENGINE=InnoDB DEFAULT CHARSET=utf8;

--
-- 테이블의 덤프 데이터 `jagpum`
--

INSERT INTO `jagpum` (`no`, `name`, `member_no`, `pic`, `exp`, `writeday`) VALUES
(11, '펠트모자를 쓴 자화상', 60, '반고흐.jpg', '1887  캔버스에 유채, 반 고흐 미술관 소장', '2020-12-08'),
(12, '나폴레옹 1세의 대관식', 59, '나폴레옹_1세의_대관식.jpg', '1805년 12월 21일–1807년 11월 루브르 박물관 소장', '2020-12-08'),
(15, '절규', 61, '절규.jpg', '판지 위에 유화, 템페라, 파스텔, 크레용, 노르웨이 오슬로 국립미술관', '2020-12-08'),
(17, '진주 귀걸이를 한 소녀', 56, '진주_귀걸이를_한_소녀.jpg', '요하네스 베르메르 1666년 마우리츠하이스 왕립 미술관', '2020-12-06'),
(18, '모나리자', 63, '모나리자.jpg', '1503~06 나무판 위에 유채, 파리 루브르미술관, 르네상스', '2020-12-08'),
(19, '최후의 만찬', 63, '최후의_만찬.jpg', '1495~1497 회벽에 유채와 템페라, 밀라노 산타마리아 델라 그라치에 성당, 르네상스', '2020-12-08'),
(20, '리타의 성모', 63, '리타의_성모.jpg', '1490~1491 캔버스에 유채, 상트페테르부르크 에르미타지 박물관, 르네상스', '2020-12-08'),
(21, '바벨탑', 64, '바벨탑.jpg', '1563 참나무 패널, 유화, 오스트리아 빈, 미술사박물관', '2020-12-08'),
(22, '유아 대학살', 64, '유아_대학살.jpg', '1565~1567 판넬에 유채 오스트리아 비엔나, Kunsthistorisches', '2020-12-08'),
(23, '시스타나 성모', 65, '시스타나_성모.jpg', '1513~1514 캔버스에 유채, 독일 드레스덴 미술관, 르네상스', '2020-12-08'),
(24, '쿠퍼의 (작은) 성모', 65, '쿠퍼의_(작은)_성모.jpg', '1504~1506 목판에 유채, 목판에 유채, 워싱턴 내셔널갤러리 르네상스', '2020-12-08'),
(25, '천지창조', 66, '천지창조.jpg', '1508∼1512 프레스코, 로마 바티칸 궁전 시스티나예배당 천장화 르네상스', '2020-12-08'),
(26, '아담의 창조', 66, '아담의_창조.jpg', '천지창조의 일부', '2020-12-08'),
(27, '우르비노 비너스', 67, '우르비노_비너스.jpg', '1538 캔버스에 유채, 피렌체 우피치미술관', '2020-12-08'),
(28, '참회하는 마리아 막달레나', 67, '참회하는_마리아_막달레나.jpg', '캔버스에 유채, 상트 페테르부르크 에르미타주 미술관', '2020-12-08'),
(29, '비너스의 탄생', 68, '비너스의_탄생.jpg', '1485경 캔버스에 템페라, 피렌체 우피치미술관 르네상스\r\n', '2020-12-08'),
(30, '신비한 어린 양의 제단화', 69, '겐트_제단화,_신비한_어린_양의_제단화.jpg', '1426 ~ 1432 목판에 유채, 네델란드 겐트(강)의 세인트 바프(상 바본) 대성당', '2020-12-08'),
(31, '아르놀피니의 결혼', 69, '아르놀피니의_결혼.jpg', '1434년 오크에 유채, 런던 내셔널 갤러리 르네상스\r\n', '2020-12-08'),
(32, '쾌락의 정원', 70, '쾌락의_정원.jpg', '1500 경 패널에 유채, 마드리드 프라도 미술관', '2020-12-08');

-- --------------------------------------------------------

--
-- 테이블 구조 `jangbu`
--

CREATE TABLE `jangbu` (
  `no9` int(11) NOT NULL,
  `io9` tinyint(4) DEFAULT NULL,
  `writeday9` date DEFAULT NULL,
  `product_no9` int(11) DEFAULT NULL,
  `price9` int(11) DEFAULT NULL,
  `numi9` int(11) DEFAULT NULL,
  `numo9` int(11) DEFAULT NULL,
  `prices9` int(11) DEFAULT NULL,
  `bigo9` varchar(20) DEFAULT NULL
) ENGINE=InnoDB DEFAULT CHARSET=utf8;

--
-- 테이블의 덤프 데이터 `jangbu`
--

INSERT INTO `jangbu` (`no9`, `io9`, `writeday9`, `product_no9`, `price9`, `numi9`, `numo9`, `prices9`, `bigo9`) VALUES
(2, 0, '2020-10-01', 2, 1000, 10, 0, 10000, '0'),
(3, 0, '2020-10-01', 2, 1000, 2, 0, 2000, ''),
(6, 1, '2020-10-01', 34, 123, 0, 4, 492, ' '),
(7, 1, '2020-10-01', 2, 1000, 0, 2, 3000, ''),
(8, 1, '2020-10-07', 1, 1000, 0, 3, 3000, ''),
(9, 1, '2020-10-07', 1, 1000, 0, 4, 4000, ''),
(10, 0, '2020-10-08', 35, 1000, 2, 0, 2000, ''),
(11, 1, '2020-10-08', 35, 1000, 0, 1, 1000, ' '),
(12, 0, '2020-10-08', 34, 123, 100, 0, NULL, ''),
(13, 0, '2020-10-08', 35, 1000, 100, 0, NULL, ''),
(14, 0, '2020-10-08', 2, 1000, 100, 0, NULL, ''),
(15, 0, '2020-10-08', 1, 1000, 100, 0, NULL, '');

-- --------------------------------------------------------

--
-- 테이블 구조 `member`
--

CREATE TABLE `member` (
  `no9` int(11) NOT NULL,
  `uid9` varchar(20) DEFAULT NULL,
  `pwd9` varchar(20) DEFAULT NULL,
  `name9` varchar(20) DEFAULT NULL,
  `tel9` varchar(11) DEFAULT NULL,
  `rank9` tinyint(4) DEFAULT 0,
  `exp9` varchar(50) DEFAULT NULL,
  `pic9` varchar(255) DEFAULT 'default'
) ENGINE=InnoDB DEFAULT CHARSET=utf8;

--
-- 테이블의 덤프 데이터 `member`
--

INSERT INTO `member` (`no9`, `uid9`, `pwd9`, `name9`, `tel9`, `rank9`, `exp9`, `pic9`) VALUES
(1, 'admin', '1234', '관리자', '01012341234', 1, NULL, 'default'),
(4, 'id4', '1234', '윤상기', '01091834099', 0, '관리자테스트중', 'sky1.jpg'),
(5, 'id5', '1234', '남윤주', '01099745951', 0, NULL, 'default'),
(7, 'id7', '1234', '이창기', '01094867737', 0, NULL, 'default'),
(9, 'id9', '1234', '김상준', '01073282001', 0, NULL, 'default'),
(11, 'id11', '1234', '양구민', '01089906973', 0, NULL, 'default'),
(12, 'id12', '1234', '박철완', '01064517732', 0, NULL, 'default'),
(13, 'id13', '1234', '이조규', '01064725207', 0, NULL, 'default'),
(14, 'id14', '1234', '김안기12', '01047835553', 0, NULL, 'default'),
(15, 'id15', '1234', '황전하', '01098549069', 0, NULL, 'default'),
(17, 'id17', '1234', '김성현', '01071564586', 0, NULL, 'default'),
(18, 'id18', '1234', '윤고영', '01046674402', 0, NULL, 'default'),
(19, 'id19', '1234', '손양진', '01093091586', 0, NULL, 'default'),
(20, 'id20', '1234', '서천범', '01029609537', 0, NULL, 'default'),
(21, 'id21', '1234', '최미은', '01095919293', 0, NULL, 'default'),
(22, 'id22', '1234', '현자석', '01045525203', 0, NULL, 'default'),
(24, 'id24', '1234', '임양진', '01047441735', 0, NULL, 'default'),
(25, 'id25', '1234', '김진형', '01029752059', 0, NULL, 'default'),
(27, 'id27', '1234', '김동진', '01032374556', 0, NULL, 'default'),
(28, 'id28', '1234', '박지영', '01032583779', 0, NULL, 'default'),
(29, 'id29', '1234', '이양성', '01022293628', 0, NULL, 'default'),
(30, 'id30', '1234', '박자형', '01035604903', 0, NULL, 'default'),
(32, 'id32', '1234', '임전철', '01030126920', 0, NULL, 'default'),
(33, 'id33', '1234', '최구선', '01023734840', 0, NULL, 'default'),
(34, 'id34', '1234', '정도솔', '01098643720', 0, NULL, 'default'),
(35, 'id35', '1234', '이영석', '01065956653', 0, NULL, 'default'),
(36, 'id36', '1234', '조경현', '01072265535', 0, NULL, 'default'),
(37, 'id37', '1234', '김만석', '01034670483', 0, NULL, 'default'),
(38, 'id38', '1234', '박만석', '01044184218', 0, NULL, 'default'),
(39, 'id39', '1234', '김현진', '01024095317', 0, NULL, 'default'),
(40, 'id40', '1234', '박솔희', '01075709030', 0, NULL, 'default'),
(41, 'id41', '1234', '권하미', '01024517990', 0, NULL, 'default'),
(42, 'id42', '1234', '이성민', '01036524847', 0, NULL, 'default'),
(43, 'id43', '1234', '장도운', '01035337719', 0, NULL, 'default'),
(44, 'id44', '1234', '고일남', '01096943617', 0, NULL, 'default'),
(45, 'id45', '1234', '황지우', '01091057558', 0, NULL, 'default'),
(46, 'id46', '1234', '정기근', '01025764748', 0, NULL, 'default'),
(47, 'id47', '1234', '양자승', '01080972732', 0, NULL, 'default'),
(48, 'id48', '1234', '윤성현', '01030685978', 0, NULL, 'default'),
(49, 'id49', '1234', '최기문', '01027595634', 0, NULL, 'default'),
(50, 'id50', '1234', '오시헌', '01020203572', 0, NULL, 'default'),
(54, '123', '123', '123', '01011111111', 1, NULL, 'default'),
(55, '123', '123', '123', '01012341234', 0, NULL, 'default'),
(56, 'test', '1234', '요하네스 페르메이르', '01012341234', 0, '바로크 시대에 활동했던 네덜란드출신 화가', '요하네스_페르메이르.jpg'),
(57, 'test2', '1234', '테스트2', '01012312344', 0, NULL, 'default'),
(58, 'test3', '1234', '테스트중1', '01012341234', 0, NULL, 'default'),
(59, 'test1', '1234', '자크루이 다비드', '01012341234', 0, '신고전주의 양식에 속하는 유력한 프랑스 화가로, 이 시대의 탁월한 화가로 평가 받는중', '자크루이_다비드.jpg'),
(60, 'test4', '1234', '빈센트 반 고흐', '01012341234', 0, '19세기 유럽에서 활약한 화가 품은 사후 높은 평가를 받아 세계의 애호가들이 가지게 된다.', '빈센트_반_고흐.jpg'),
(61, 'qwer1234', '1234', '에드바르 몽크', '01099016743', 0, '노르웨이 출신의 표현주의 화가이자 판화 국민적인 화가', '에드바르_몽크.jpg'),
(62, 'admintest', '1234', '관리자테스트', '01012341234', 1, '자기소개', 'default'),
(63, 't1', '1234', '레오나르도 다빈치', '01012341234', 0, '이탈리아 르네상스의 거장', '레오나르도_다_빈치.jpg'),
(64, 't2', '1234', '대 피테르 브뢰헬', '01012341234', 0, '독자적인 회화 세계를 구축한 16세기 플랑드르 최고의 화가', '대_피테르_브뢰헬.jpg'),
(65, 't3', '1234', '라파엘로 산치오', '01012341234', 0, '이탈리아 르네상스의 3대 거장', '라파엘로_산치오.jpg'),
(66, 't4', '1234', '미켈란젤로 부오나로티', '01012341234', 0, '이탈리아의 천재 예술가', '미켈란젤로_부오나로티.jpg'),
(67, 't5', '1234', '베첼리오 티치아노', '01012341234', 0, '캔버스에 유화 기법을 개척한 회화의 군주', '베첼리오_티치아노.jpg'),
(68, 't6', '1234', '산드로 보티첼리', '01012341234', 0, '알려진 바가 거의 없는 수수께끼 속의 인물', '산드로_보티첼리.jpg'),
(69, 't7', '1234', '얀 반 에이크', '01012341234', 0, '15세기 플랑드르 사실주의 미술의 토대를 만든 대표작가', '얀_반_에이크.jpg'),
(70, 't8', '1234', '히에로니무스 보쉬', '01012341234', 0, '상상 속의 풍경을 담은 작품들로 유명한  네덜란드의 화가', '히에노리무스_보쉬.jpg');

-- --------------------------------------------------------

--
-- 테이블 구조 `product`
--

CREATE TABLE `product` (
  `no9` int(11) NOT NULL,
  `gubun_no9` int(11) DEFAULT NULL,
  `name9` varchar(50) DEFAULT NULL,
  `price9` int(11) DEFAULT NULL,
  `jaego9` int(11) DEFAULT NULL,
  `pic9` varchar(255) DEFAULT NULL
) ENGINE=InnoDB DEFAULT CHARSET=utf8;

--
-- 테이블의 덤프 데이터 `product`
--

INSERT INTO `product` (`no9`, `gubun_no9`, `name9`, `price9`, `jaego9`, `pic9`) VALUES
(1, 1, '코카콜라1', 1000, 93, 'coke1.jpg'),
(2, 2, '상추', 1000, 110, '4123.jpg'),
(34, 1, '삼양라면', 3000, 96, '라면.jpg'),
(35, 3, '꼬깔콘', 1000, 101, '꼬깔콘.jpg'),
(36, 3, '펩시', 2000, 20, '펩시.jpg'),
(41, 3, '고래밥', 2000, 3, '고래밥.jpg'),
(42, 3, '썬칩', 1000, 1, 'Sun.jpg'),
(43, 3, '계란과자', 1000, 4, '계란과자.jpg');

-- --------------------------------------------------------

--
-- 테이블 구조 `temp`
--

CREATE TABLE `temp` (
  `no9` int(11) NOT NULL,
  `product_no9` int(11) DEFAULT NULL,
  `jaego9` int(11) DEFAULT 0
) ENGINE=InnoDB DEFAULT CHARSET=utf8;

--
-- 테이블의 덤프 데이터 `temp`
--

INSERT INTO `temp` (`no9`, `product_no9`, `jaego9`) VALUES
(1, 1, 93),
(2, 2, 110),
(3, 34, 96),
(4, 35, 101);

-- --------------------------------------------------------

--
-- 테이블 구조 `tupyo`
--

CREATE TABLE `tupyo` (
  `no` int(11) NOT NULL,
  `writeday` date DEFAULT NULL,
  `aji_no` int(11) DEFAULT NULL
) ENGINE=InnoDB DEFAULT CHARSET=utf8;

--
-- 테이블의 덤프 데이터 `tupyo`
--

INSERT INTO `tupyo` (`no`, `writeday`, `aji_no`) VALUES
(25, '2020-11-02', 6),
(26, '2020-11-02', 8),
(27, '2020-11-02', 3),
(28, '2020-11-02', 2),
(29, '2020-11-02', 4),
(30, '2020-11-02', 5),
(31, '2020-11-02', 2),
(32, '2020-11-02', 2),
(33, '2020-11-02', 5),
(34, '2020-11-02', 4),
(35, '2020-11-02', 4),
(36, '2020-11-02', 5),
(37, '2020-11-02', 4),
(38, '2020-11-02', 4),
(39, '2020-11-02', 6),
(40, '2020-11-02', 2),
(41, '2020-11-02', 3),
(42, '2020-11-02', 4),
(43, '2020-11-02', 4),
(44, '2020-11-02', 3),
(45, '2020-11-02', 2),
(46, '2020-11-02', 2),
(47, '2020-11-02', 2),
(48, '2020-11-02', 3),
(49, '2020-11-02', 3),
(50, '2020-11-02', 2),
(51, '2020-11-02', 2),
(54, '2020-11-02', 6),
(55, '2020-11-02', 3),
(56, '2020-11-02', 5),
(57, '2020-11-02', 3),
(58, '2020-11-02', 3),
(59, '2020-11-02', 2),
(60, '2020-11-02', 3),
(61, '2020-11-02', 4),
(62, '2020-11-02', 5),
(63, '2020-11-02', 6),
(64, '2020-11-02', 8),
(65, '2020-11-02', 4),
(66, '2020-11-02', 2),
(67, '2020-11-02', 4),
(68, '2020-11-02', 4),
(69, '2020-11-02', 4),
(70, '2020-11-02', 3),
(71, '2020-11-07', 5),
(72, '2020-11-07', 2),
(73, '2020-11-07', 2),
(74, '2020-11-07', 4),
(75, '2020-11-09', 4),
(76, '2020-11-09', 6),
(77, '2020-11-09', 8),
(78, '2020-11-17', 2),
(79, '2020-11-17', 2),
(80, '2020-11-18', 2),
(81, '2020-11-18', 8),
(82, '2020-11-24', 5),
(83, '2020-11-29', 2),
(84, '2020-12-06', 2),
(85, '2020-12-06', 6);

--
-- 덤프된 테이블의 인덱스
--

--
-- 테이블의 인덱스 `aji`
--
ALTER TABLE `aji`
  ADD PRIMARY KEY (`no`);

--
-- 테이블의 인덱스 `good`
--
ALTER TABLE `good`
  ADD PRIMARY KEY (`no`);

--
-- 테이블의 인덱스 `gubun`
--
ALTER TABLE `gubun`
  ADD PRIMARY KEY (`no9`);

--
-- 테이블의 인덱스 `jagpum`
--
ALTER TABLE `jagpum`
  ADD PRIMARY KEY (`no`);

--
-- 테이블의 인덱스 `jangbu`
--
ALTER TABLE `jangbu`
  ADD PRIMARY KEY (`no9`);

--
-- 테이블의 인덱스 `member`
--
ALTER TABLE `member`
  ADD PRIMARY KEY (`no9`);

--
-- 테이블의 인덱스 `product`
--
ALTER TABLE `product`
  ADD PRIMARY KEY (`no9`);

--
-- 테이블의 인덱스 `temp`
--
ALTER TABLE `temp`
  ADD PRIMARY KEY (`no9`);

--
-- 테이블의 인덱스 `tupyo`
--
ALTER TABLE `tupyo`
  ADD PRIMARY KEY (`no`);

--
-- 덤프된 테이블의 AUTO_INCREMENT
--

--
-- 테이블의 AUTO_INCREMENT `aji`
--
ALTER TABLE `aji`
  MODIFY `no` int(11) NOT NULL AUTO_INCREMENT, AUTO_INCREMENT=9;

--
-- 테이블의 AUTO_INCREMENT `good`
--
ALTER TABLE `good`
  MODIFY `no` int(11) NOT NULL AUTO_INCREMENT, AUTO_INCREMENT=115;

--
-- 테이블의 AUTO_INCREMENT `gubun`
--
ALTER TABLE `gubun`
  MODIFY `no9` int(11) NOT NULL AUTO_INCREMENT, AUTO_INCREMENT=42;

--
-- 테이블의 AUTO_INCREMENT `jagpum`
--
ALTER TABLE `jagpum`
  MODIFY `no` int(11) NOT NULL AUTO_INCREMENT, AUTO_INCREMENT=33;

--
-- 테이블의 AUTO_INCREMENT `jangbu`
--
ALTER TABLE `jangbu`
  MODIFY `no9` int(11) NOT NULL AUTO_INCREMENT, AUTO_INCREMENT=16;

--
-- 테이블의 AUTO_INCREMENT `member`
--
ALTER TABLE `member`
  MODIFY `no9` int(11) NOT NULL AUTO_INCREMENT, AUTO_INCREMENT=71;

--
-- 테이블의 AUTO_INCREMENT `product`
--
ALTER TABLE `product`
  MODIFY `no9` int(11) NOT NULL AUTO_INCREMENT, AUTO_INCREMENT=44;

--
-- 테이블의 AUTO_INCREMENT `temp`
--
ALTER TABLE `temp`
  MODIFY `no9` int(11) NOT NULL AUTO_INCREMENT, AUTO_INCREMENT=8;

--
-- 테이블의 AUTO_INCREMENT `tupyo`
--
ALTER TABLE `tupyo`
  MODIFY `no` int(11) NOT NULL AUTO_INCREMENT, AUTO_INCREMENT=86;
--
-- 데이터베이스: `test`
--
CREATE DATABASE IF NOT EXISTS `test` DEFAULT CHARACTER SET utf8 COLLATE utf8_general_ci;
USE `test`;

-- --------------------------------------------------------

--
-- 테이블 구조 `gubun`
--

CREATE TABLE `gubun` (
  `no15` int(11) NOT NULL,
  `name15` varchar(20) DEFAULT NULL
) ENGINE=InnoDB DEFAULT CHARSET=utf8;

--
-- 테이블의 덤프 데이터 `gubun`
--

INSERT INTO `gubun` (`no15`, `name15`) VALUES
(3, '채소1'),
(25, '육류'),
(28, '바보'),
(43, '테스트');

-- --------------------------------------------------------

--
-- 테이블 구조 `jangbu`
--

CREATE TABLE `jangbu` (
  `io15` tinyint(4) DEFAULT NULL,
  `writeday15` date DEFAULT NULL,
  `product_no15` int(11) DEFAULT NULL,
  `price15` int(11) DEFAULT NULL,
  `numi15` int(11) DEFAULT NULL,
  `numo15` int(11) DEFAULT NULL,
  `prices15` int(11) DEFAULT NULL,
  `bigo15` varchar(20) DEFAULT NULL,
  `no15` int(11) NOT NULL
) ENGINE=InnoDB DEFAULT CHARSET=utf8;

--
-- 테이블의 덤프 데이터 `jangbu`
--

INSERT INTO `jangbu` (`io15`, `writeday15`, `product_no15`, `price15`, `numi15`, `numo15`, `prices15`, `bigo15`, `no15`) VALUES
(0, '2019-10-02', 7, 50000, 123, 0, 6150000, '', 2),
(0, '2019-10-02', 6, 30000, 20, 0, 600000, '', 4),
(0, '2019-10-02', 6, 30000, 10, 0, 300000, '', 5),
(1, '2019-10-03', 7, 50000, 0, 10, 500000, '', 8),
(1, '2019-10-02', 4, 20000, 0, 10, 200000, '', 9),
(1, '2019-10-02', 4, 20000, 0, 10, 200000, '', 10),
(1, '2019-10-02', 4, 20000, 0, 50, 1000000, '', 11),
(0, '2019-10-04', 6, 30000, 2, 0, 60000, '', 12),
(0, '2019-10-23', 4, 20000, 1000, 0, 20000000, '', 13),
(0, '2019-11-05', 7, 50000, 0, 0, 0, '', 15),
(1, '2019-11-05', 4, 20000, 0, 0, 0, '', 16),
(0, '2019-11-06', 8, 10000, 99, 0, 990000, '테스트', 17),
(1, '2019-11-06', 7, 50000, 0, 50, 2500000, '테스트', 18),
(1, '2019-11-06', 7, 50000, 0, 22, 1100000, '테스트2', 19);

-- --------------------------------------------------------

--
-- 테이블 구조 `jumun`
--

CREATE TABLE `jumun` (
  `no4` char(10) NOT NULL,
  `member_no4` int(11) DEFAULT NULL,
  `jumunday4` date DEFAULT NULL,
  `product_names4` char(255) DEFAULT NULL,
  `product_nums4` int(11) DEFAULT NULL,
  `o_name4` char(20) DEFAULT NULL,
  `o_tel4` char(11) DEFAULT NULL,
  `o_phone4` char(11) DEFAULT NULL,
  `o_email4` char(40) DEFAULT NULL,
  `o_zip4` char(6) DEFAULT NULL,
  `o_juso4` char(100) DEFAULT NULL,
  `r_name4` char(20) DEFAULT NULL,
  `r_tel4` char(11) DEFAULT NULL,
  `r_phone4` char(11) DEFAULT NULL,
  `r_email4` char(40) DEFAULT NULL,
  `r_zip4` char(6) DEFAULT NULL,
  `r_juso4` char(100) DEFAULT NULL,
  `memo4` char(255) DEFAULT NULL,
  `pay_method4` tinyint(4) DEFAULT NULL,
  `card_okno4` char(20) DEFAULT NULL,
  `card_halbu4` tinyint(4) DEFAULT NULL,
  `card_kind4` tinyint(4) DEFAULT NULL,
  `bank_kind4` tinyint(4) DEFAULT NULL,
  `bank_sender4` char(30) DEFAULT NULL,
  `total_cash4` int(11) DEFAULT NULL,
  `state4` tinyint(4) DEFAULT NULL
) ENGINE=InnoDB DEFAULT CHARSET=utf8;

--
-- 테이블의 덤프 데이터 `jumun`
--

INSERT INTO `jumun` (`no4`, `member_no4`, `jumunday4`, `product_names4`, `product_nums4`, `o_name4`, `o_tel4`, `o_phone4`, `o_email4`, `o_zip4`, `o_juso4`, `r_name4`, `r_tel4`, `r_phone4`, `r_email4`, `r_zip4`, `r_juso4`, `memo4`, `pay_method4`, `card_okno4`, `card_halbu4`, `card_kind4`, `bank_kind4`, `bank_sender4`, `total_cash4`, `state4`) VALUES
('2006140010', 3, '2020-06-14', 'TEPA베개커버외2', 2, '이찬원', '01083579183', '0212341234', 'dntks71@naver.com', '13948', '서울특별시 노원구 초안산로2가길 9-13 1111', '이찬원', '01083579183', '0212341234', 'dntks71@naver.com', '13948', '서울특별시 노원구 초안산로2가길 9-13 1111', '123', 0, '1212232323233232', 12, 3, 0, '', 180000, 1),
('2006150001', 0, '2020-06-15', 'TEPA베개커버', 1, '123123', '12321321231', '1232123312', '123123', '06336', '서울특별시강남구개포로617-8강남구 건강가정지원센터 123123', '123123', '12321321231', '1232123312', '123123', '06336', '서울특별시강남구개포로617-8강남구 건강가정지원센터 123123', '11', 0, '1111111111111111', 0, 2, 0, '', 90000, 0),
('2006260001', 0, '2020-06-26', 'TEPA모자외2', 2, '이찬원', '11111111111', '11111111111', '111111', '06336', '서울특별시강남구개포로617-8강남구 건강가정지원센터 123', '이찬원', '11111111111', '11111111111', '111111', '06336', '서울특별시강남구개포로617-8강남구 건강가정지원센터 123', '', 0, '1231123112321231', 0, 1, 0, '', 99500, 4),
('2006260003', 0, '2020-06-26', '원잇밴딩면바지외2', 2, '이찬원', '11121321231', '123123312', '123123', '06336', '서울특별시강남구개포로617-8강남구 건강가정지원센터 123123', '이찬원', '11121321231', '123123312', '123123', '06336', '서울특별시강남구개포로617-8강남구 건강가정지원센터 123123', '테스트', 1, '', 0, 0, 1, '이찬원', 56700, 2),
('2006140010', 3, '2020-06-14', 'TEPA베개커버외2', 2, '이찬원', '01083579183', '0212341234', 'dntks71@naver.com', '13948', '서울특별시 노원구 초안산로2가길 9-13 1111', '이찬원', '01083579183', '0212341234', 'dntks71@naver.com', '13948', '서울특별시 노원구 초안산로2가길 9-13 1111', '123', 0, '1212232323233232', 12, 3, 0, '', 180000, 1),
('2006150001', 0, '2020-06-15', 'TEPA베개커버', 1, '123123', '12321321231', '1232123312', '123123', '06336', '서울특별시강남구개포로617-8강남구 건강가정지원센터 123123', '123123', '12321321231', '1232123312', '123123', '06336', '서울특별시강남구개포로617-8강남구 건강가정지원센터 123123', '11', 0, '1111111111111111', 0, 2, 0, '', 90000, 0),
('2006260001', 0, '2020-06-26', 'TEPA모자외2', 2, '이찬원', '11111111111', '11111111111', '111111', '06336', '서울특별시강남구개포로617-8강남구 건강가정지원센터 123', '이찬원', '11111111111', '11111111111', '111111', '06336', '서울특별시강남구개포로617-8강남구 건강가정지원센터 123', '', 0, '1231123112321231', 0, 1, 0, '', 99500, 4),
('2006260003', 0, '2020-06-26', '원잇밴딩면바지외2', 2, '이찬원', '11121321231', '123123312', '123123', '06336', '서울특별시강남구개포로617-8강남구 건강가정지원센터 123123', '이찬원', '11121321231', '123123312', '123123', '06336', '서울특별시강남구개포로617-8강남구 건강가정지원센터 123123', '테스트', 1, '', 0, 0, 1, '이찬원', 56700, 2);

-- --------------------------------------------------------

--
-- 테이블 구조 `jumuns`
--

CREATE TABLE `jumuns` (
  `no4` int(11) NOT NULL,
  `jumun_no4` char(10) DEFAULT NULL,
  `product_no4` int(11) DEFAULT NULL,
  `num4` int(11) DEFAULT NULL,
  `price4` int(11) DEFAULT NULL,
  `cash4` int(11) DEFAULT NULL,
  `discount4` tinyint(4) DEFAULT NULL,
  `opts_no14` int(11) DEFAULT NULL,
  `opts_no24` int(11) DEFAULT NULL
) ENGINE=InnoDB DEFAULT CHARSET=utf8;

--
-- 테이블의 덤프 데이터 `jumuns`
--

INSERT INTO `jumuns` (`no4`, `jumun_no4`, `product_no4`, `num4`, `price4`, `cash4`, `discount4`, `opts_no14`, `opts_no24`) VALUES
(51, 'asdf', 17, 1, 90000, 90000, 0, 35, 61),
(52, 'asdf', 11, 1, 90000, 90000, 0, 27, 56),
(53, 'asdf', 17, 1, 90000, 90000, 0, 35, 61),
(54, 'asdf', 11, 1, 90000, 90000, 0, 27, 56),
(145, '2006140010', 17, 1, 90000, 90000, 0, 35, 61),
(146, '2006140010', 11, 1, 90000, 90000, 0, 27, 56),
(147, '2006150001', 17, 1, 90000, 90000, 0, 34, 61),
(148, '2006260001', 11, 1, 90000, 90000, 0, 28, 56),
(149, '2006260001', 8, 1, 9500, 9500, 0, 49, 34),
(152, '2006260003', 10, 1, 36700, 36700, 67, 28, 36),
(153, '2006260003', 7, 1, 20000, 20000, 0, 28, 36),
(51, 'asdf', 17, 1, 90000, 90000, 0, 35, 61),
(52, 'asdf', 11, 1, 90000, 90000, 0, 27, 56),
(53, 'asdf', 17, 1, 90000, 90000, 0, 35, 61),
(54, 'asdf', 11, 1, 90000, 90000, 0, 27, 56),
(145, '2006140010', 17, 1, 90000, 90000, 0, 35, 61),
(146, '2006140010', 11, 1, 90000, 90000, 0, 27, 56),
(147, '2006150001', 17, 1, 90000, 90000, 0, 34, 61),
(148, '2006260001', 11, 1, 90000, 90000, 0, 28, 56),
(149, '2006260001', 8, 1, 9500, 9500, 0, 49, 34),
(152, '2006260003', 10, 1, 36700, 36700, 67, 28, 36),
(153, '2006260003', 7, 1, 20000, 20000, 0, 28, 36);

-- --------------------------------------------------------

--
-- 테이블 구조 `juso`
--

CREATE TABLE `juso` (
  `no4` int(11) NOT NULL,
  `name4` varchar(30) DEFAULT NULL,
  `tel4` char(11) DEFAULT NULL,
  `sm4` tinyint(4) DEFAULT NULL,
  `birthday4` date DEFAULT NULL,
  `juso4` varchar(255) DEFAULT NULL
) ENGINE=InnoDB DEFAULT CHARSET=utf8;

--
-- 테이블의 덤프 데이터 `juso`
--

INSERT INTO `juso` (`no4`, `name4`, `tel4`, `sm4`, `birthday4`, `juso4`) VALUES
(1, '최민기', '01627516250', 0, '1990-01-01', '서울 노원구 초안산로 12 인덕대학교 1'),
(2, '노준국', '01192318426', 1, '1990-01-02', '서울 노원구 초안산로 12 인덕대학교 2'),
(3, '배인정', '01091419758', 0, '1990-01-03', '서울 노원구 초안산로 12 인덕대학교 3'),
(4, '윤수진', '01091315099', 0, '1990-01-04', '서울 노원구 초안산로 12 인덕대학교 4'),
(5, '김민주', '01012715951', 1, '1990-01-05', '서울 노원구 초안산로 12 인덕대학교 5'),
(6, '고향에', '01164712495', 0, '1990-01-06', '서울 노원구 초안산로 12 인덕대학교 6'),
(7, '이창기', '01094567737', 0, '1990-01-07', '서울 노원구 초안산로 12 인덕대학교 7'),
(8, '강범조', '01197515356', 1, '1990-02-08', '서울 노원구 초안산로 12 인덕대학교 8'),
(9, '임상호', '01076212041', 1, '1990-01-09', '서울 노원구 초안산로 12 인덕대학교 9'),
(10, '김경진', '01196616064', 0, '1990-01-10', '서울 노원구 초안산로 12 인덕대학교 10'),
(11, '양지민', '01085916932', 0, '1990-01-11', '서울 노원구 초안산로 12 인덕대학교 11'),
(12, '김철규', '01064517732', 0, '1990-01-12', '서울 노원구 초안산로 12 인덕대학교 12'),
(13, '이재진', '01066725207', 0, '1990-01-13', '서울 노원구 초안산로 12 인덕대학교 13'),
(14, '김인기', '01045825553', 1, '1990-01-14', '서울 노원구 초안산로 12 인덕대학교 14'),
(15, '황호하', '01094529069', 0, '1990-01-15', '서울 노원구 초안산로 12 인덕대학교 15'),
(16, '원미현', '01697323309', 0, '1990-01-16', '서울 노원구 초안산로 12 인덕대학교 16'),
(17, '김성현', '01077524586', 0, '1990-01-17', '서울 노원구 초안산로 12 인덕대학교 17'),
(18, '윤태양', '01044624402', 0, '1990-01-18', '서울 노원구 초안산로 12 인덕대학교 18'),
(19, '손영미', '01063021586', 1, '1990-01-19', '서울 노원구 초안산로 12 인덕대학교 19'),
(20, '서찬국', '01029725437', 0, '1990-01-20', '서울 노원구 초안산로 12 인덕대학교 20'),
(21, '최지호', '01095829293', 0, '1990-01-21', '서울 노원구 초안산로 12 인덕대학교 21'),
(22, '현오석', '01045725203', 0, '1990-01-22', '서울 노원구 초안산로 12 인덕대학교 22'),
(23, '고구진', '01039539565', 0, '1990-01-23', '서울 노원구 초안산로 12 인덕대학교 23'),
(24, '임양진', '01049431735', 0, '1990-01-24', '서울 노원구 초안산로 12 인덕대학교 24'),
(25, '박잔형', '01028732059', 0, '1990-01-25', '서울 노원구 초안산로 12 인덕대학교 25'),
(26, '고맹진', '01017331347', 1, '1990-01-26', '서울 노원구 초안산로 12 인덕대학교 26'),
(27, '이미진', '01032434656', 0, '1990-01-27', '서울 노원구 초안산로 12 인덕대학교 27'),
(28, '박신양', '01032633479', 0, '1990-01-28', '서울 노원구 초안산로 12 인덕대학교 28'),
(29, '이부성', '01022533028', 0, '1990-01-29', '서울 노원구 초안산로 12 인덕대학교 29'),
(30, '박조형', '01034634503', 0, '1990-01-30', '서울 노원구 초안산로 12 인덕대학교 30'),
(31, '김당진', '01022144844', 0, '1990-01-31', '서울 노원구 초안산로 12 인덕대학교 31'),
(32, '임조철', '01063146720', 0, '1990-02-01', '서울 노원구 초안산로 12 인덕대학교 32'),
(33, '최미선', '01023744540', 0, '1990-02-02', '서울 노원구 초안산로 12 인덕대학교 33'),
(34, '정해솔', '01057443220', 1, '1990-02-03', '서울 노원구 초안산로 12 인덕대학교 34'),
(35, '이양석', '01045946853', 0, '1990-02-04', '서울 노원구 초안산로 12 인덕대학교 35'),
(36, '조진현', '01074255035', 0, '1990-02-05', '서울 노원구 초안산로 12 인덕대학교 36'),
(37, '김호석', '01015645583', 0, '1990-02-06', '서울 노원구 초안산로 12 인덕대학교 37'),
(38, '김호식', '01014176818', 0, '1990-02-07', '서울 노원구 초안산로 12 인덕대학교 38'),
(39, '김국진', '01022785917', 0, '1990-02-08', '서울 노원구 초안산로 12 인덕대학교 39'),
(40, '박미희', '01078379430', 0, '1990-02-09', '서울 노원구 초안산로 12 인덕대학교 40'),
(41, '권해미', '010145 7190', 0, '1990-02-10', '서울 노원구 초안산로 12 인덕대학교 41'),
(42, '이성민', '01002544347', 0, '1990-02-11', '서울 노원구 초안산로 12 인덕대학교 42'),
(43, '정다슬', '01036347019', 1, '1990-02-12', '서울 노원구 초안산로 12 인덕대학교 43'),
(44, '육이호', '01092343917', 0, '1990-02-13', '서울 노원구 초안산로 12 인덕대학교 44'),
(45, '한재우', '01193247558', 0, '1990-02-14', '서울 노원구 초안산로 12 인덕대학교 45'),
(46, '정승국', '01023345788', 0, '1990-02-15', '서울 노원구 초안산로 12 인덕대학교 46'),
(47, '양호승', '01083945545', 0, '1990-02-16', '서울 노원구 초안산로 12 인덕대학교 47'),
(48, '윤상현', '01034655978', 0, '1990-02-17', '서울 노원구 초안산로 12 인덕대학교 48'),
(49, '최미문', '01024365634', 0, '1990-02-18', '서울 노원구 초안산로 12 인덕대학교 49'),
(50, '시국진', '01021243572', 0, '1990-02-19', '서울 노원구 초안산로 12 인덕대학교 50');

-- --------------------------------------------------------

--
-- 테이블 구조 `member`
--

CREATE TABLE `member` (
  `no15` int(11) NOT NULL,
  `uid15` varchar(20) NOT NULL,
  `pwd15` varchar(20) NOT NULL,
  `name15` varchar(20) NOT NULL,
  `tel15` varchar(11) DEFAULT NULL,
  `rank15` tinyint(4) DEFAULT NULL
) ENGINE=InnoDB DEFAULT CHARSET=utf8;

--
-- 테이블의 덤프 데이터 `member`
--

INSERT INTO `member` (`no15`, `uid15`, `pwd15`, `name15`, `tel15`, `rank15`) VALUES
(2, 'id2', '1234', '노기효', '01094818426', 0),
(3, 'id3', '1234', '배안수', '01096029758', 0),
(4, 'id4', '1234', '윤상기', '01091834099', 0),
(5, 'id5', '1234', '남윤주2344', '01099745951', 0),
(7, 'id7', '1234', '이창기', '01094867737', 0),
(11, 'id11', '1234', '양구민', '01089906973', 0),
(12, 'id12', '1234', '박철완', '01064517732', 0),
(13, 'id13', '1234', '이조규', '01064725207', 0),
(15, 'id15', '1234', '황전하', '01098549069', 0),
(16, 'id16', '1234', '원정현', '01097953309', 0),
(18, 'id18', '1234', '윤고영', '01046674402', 0),
(19, 'id19', '1234', '손양진', '01093091586', 0),
(20, 'id20', '1234', '서천범', '01029609537', 0),
(21, 'id21', '1234', '최미은', '01095919293', 0),
(22, 'id22', '1234', '현자석', '01045525203', 0),
(24, 'id24', '1234', '임양진', '01047441735', 0),
(28, 'id28', '1234', '박지영', '01032583779', 0),
(29, 'id29', '1234', '이양성', '01022293628', 0),
(30, 'id30', '1234', '이승권', '01035604903', 0),
(32, 'id32', '1234', '임전철', '01030126920', 0),
(33, 'id33', '1234', '최구선', '01023734840', 0),
(34, 'id34', '1234', '정도솔', '01098643720', 0),
(35, 'id35', '1234', '이영석', '01065956653', 0),
(36, 'id36', '1234', '조경현', '01072265535', 0),
(38, 'id38', '1234', '박만석', '01044184218', 0),
(40, 'id40', '1234', '박솔희', '01075709030', 0),
(42, 'id42', '1234', '이성민', '01036524847', 0),
(43, 'id43', '1234', '장도운', '01035337719', 0),
(45, 'id45', '1234', '황지우', '01091057558', 0),
(46, 'id46', '1234', '정기근', '01025764748', 0),
(47, 'id47', '1234', '양자승', '01080972732', 0),
(48, 'id48', '1234', '윤성현', '01030685978', 0),
(49, 'id49', '1234', '최기문', '01027595634', 0),
(50, 'id50', '1234', '오시헌', '01020203572', 0),
(64, '123', '123', '김기동3', '123123 123 ', 1),
(67, '123', '312', '김강', '12321332313', 1),
(68, '3', '3', '3', '3  3   3   ', 1),
(70, '2', '2', '2', '2  2   2   ', 1),
(71, '1', '13', '김강', '13 13  13  ', 1),
(72, '8', '8', '8', '8  8   8   ', 1),
(73, '8', '8', '8', '8  8   8   ', 1),
(74, '3', '3', '3', '3  32113   ', 1),
(75, '2', '2', '2', '2  2   2   ', 1),
(76, '1', '2', '2', '2  2       ', 1),
(77, '3', '3', '3', '3  3   3   ', 1),
(78, '4', '4', '4', '4  4   4   ', 1),
(84, 'ㅁㅇㄴ', 'ㅁㅇㄴ', 'ㅁㄴㅇ', 'ㅇㅁㄴㅁㅇㄴㅇㅁㄴ', 1),
(85, '1', '1', '김밥', '1  1   1   ', 1),
(88, '1', '1', '1', '1      1132', 1),
(89, '1', '1', '1', '1  1   1111', 0),
(91, '1', '1', '121234134131231', '1232   2   ', 1),
(92, '123', '123', '김', '123123 1234', 1),
(93, '321', '321', '312', '123123 123 ', 1),
(94, '123', 'ㅂㅂㅈ', '33333333333333333333', '12313211321', 1);

-- --------------------------------------------------------

--
-- 테이블 구조 `member_p`
--

CREATE TABLE `member_p` (
  `no15` int(11) NOT NULL,
  `id15` varchar(15) DEFAULT NULL,
  `pw15` varchar(15) DEFAULT NULL,
  `name15` varchar(5) DEFAULT NULL,
  `birth15` date DEFAULT NULL,
  `tel15` varchar(11) DEFAULT NULL,
  `juso15` varchar(300) DEFAULT NULL,
  `nick15` varchar(10) DEFAULT NULL,
  `okno15` tinyint(4) NOT NULL DEFAULT 0,
  `rank15` tinyint(4) DEFAULT NULL
) ENGINE=InnoDB DEFAULT CHARSET=utf8;

--
-- 테이블의 덤프 데이터 `member_p`
--

INSERT INTO `member_p` (`no15`, `id15`, `pw15`, `name15`, `birth15`, `tel15`, `juso15`, `nick15`, `okno15`, `rank15`) VALUES
(1, '1', '1234', '김선규', '1234-12-12', '12312311231', '1234', '1234', 1, 1),
(2, '2', '2', '2', '0000-00-00', '222', '2', '2', 1, 0),
(3, '3', '3', '3', '0000-00-00', '33213', '3', '3', 0, 0),
(4, '6', '6', '6', '0000-00-00', '666', '6', '6', 0, 0),
(5, '4', '4', '4', '0000-00-00', '444', '4', '4', 0, 0),
(6, '7', '7', '7', '0000-00-00', '777', '7', '7', 0, 0);

-- --------------------------------------------------------

--
-- 테이블 구조 `post`
--

CREATE TABLE `post` (
  `no15` int(11) NOT NULL,
  `member_no15` int(11) NOT NULL,
  `title15` varchar(30) NOT NULL,
  `board15` varchar(300) NOT NULL,
  `report_date15` date NOT NULL,
  `hits15` int(11) NOT NULL DEFAULT 0,
  `notice15` tinyint(4) NOT NULL
) ENGINE=InnoDB DEFAULT CHARSET=utf8;

--
-- 테이블의 덤프 데이터 `post`
--

INSERT INTO `post` (`no15`, `member_no15`, `title15`, `board15`, `report_date15`, `hits15`, `notice15`) VALUES
(1, 1, '공지테스트1', '테스트1123', '2019-10-30', 35, 1),
(2, 1, '공지테스트2', '테스트2', '2019-10-30', 32, 1),
(3, 1, '테스트1123', '테스트1213', '2019-10-30', 19, 0),
(4, 2, '테스트2', '테스트2', '2019-10-30', 9, 0),
(5, 1, '감자', '감자', '2019-10-30', 4, 0),
(6, 1, '11', '11', '2019-10-30', 7, 0),
(7, 1, '123', '123', '2019-11-01', 10, 0);

-- --------------------------------------------------------

--
-- 테이블 구조 `product`
--

CREATE TABLE `product` (
  `no15` int(11) NOT NULL,
  `gubun_no15` int(11) DEFAULT NULL,
  `name15` varchar(30) DEFAULT NULL,
  `price15` int(11) DEFAULT NULL,
  `jaego15` int(11) DEFAULT NULL,
  `pic15` varchar(255) DEFAULT NULL
) ENGINE=InnoDB DEFAULT CHARSET=utf8;

--
-- 테이블의 덤프 데이터 `product`
--

INSERT INTO `product` (`no15`, `gubun_no15`, `name15`, `price15`, `jaego15`, `pic15`) VALUES
(4, 3, '소고기', 20000, 930, NULL),
(6, 3, '오이', 30000, 32, '다운로드.jpg'),
(7, 3, '당근', 50000, 113, NULL),
(8, 43, '돼지고기', 10000, 0, '다운로드.png'),
(10, 25, 'asddsaads', 123123, 0, '213312asddsa.PNG'),
(16, 3, '123123213213', 333, 333, '213312asddsa.PNG');

-- --------------------------------------------------------

--
-- 테이블 구조 `temp`
--

CREATE TABLE `temp` (
  `no15` int(11) NOT NULL,
  `product_no15` int(11) DEFAULT NULL,
  `jaego15` int(11) DEFAULT 0
) ENGINE=InnoDB DEFAULT CHARSET=utf8;

--
-- 테이블의 덤프 데이터 `temp`
--

INSERT INTO `temp` (`no15`, `product_no15`, `jaego15`) VALUES
(1, 4, 930),
(2, 6, 32),
(3, 7, 113);

-- --------------------------------------------------------

--
-- 테이블 구조 `test`
--

CREATE TABLE `test` (
  `no55` int(11) NOT NULL,
  `goodname55` varchar(40) NOT NULL,
  `cophone55` varchar(11) DEFAULT NULL,
  `kind55` tinyint(4) DEFAULT NULL,
  `regday55` date DEFAULT NULL,
  `content55` varchar(50) DEFAULT NULL
) ENGINE=InnoDB DEFAULT CHARSET=utf8;

--
-- 테이블의 덤프 데이터 `test`
--

INSERT INTO `test` (`no55`, `goodname55`, `cophone55`, `kind55`, `regday55`, `content55`) VALUES
(1, '민수 제품', '016275 6250', 0, '1990-01-01', '싸고 좋은 제품 1'),
(2, '준효 제품', '011948 8426', 1, '1990-01-02', '싸고 좋은 제품 2'),
(3, '인수 제품', '010960 9758', 0, '1990-01-03', '싸고 좋은 제품 3'),
(4, '수민 제품', '010918 4099', 0, '1990-01-04', '싸고 좋은 제품 4'),
(5, '윤주 제품', '010997 5951', 1, '1990-01-05', '싸고 좋은 제품 5'),
(6, '향은 제품', '011667 2295', 0, '1990-01-06', '싸고 좋은 제품 6'),
(7, '창재 제품', '010948 7737', 0, '1990-01-07', '싸고 좋은 제품 7'),
(8, '범석 제품', '011971 5378', 0, '1990-01-08', '싸고 좋은 제품 8'),
(9, '상준 제품', '010732 2001', 1, '1990-01-09', '싸고 좋은 제품 9'),
(10, '경현 제품', '011906 6074', 0, '1990-01-10', '싸고 좋은 제품 10'),
(11, '규민 제품', '010899 6973', 0, '1990-01-11', '싸고 좋은 제품 11'),
(12, '철완 제품', '010645 7732', 0, '1990-01-12', '싸고 좋은 제품 12'),
(13, '재규 제품', '010647 5207', 0, '1990-01-13', '싸고 좋은 제품 13'),
(14, '인곤 제품', '010478 5553', 1, '1990-01-14', '싸고 좋은 제품 14'),
(15, '정하 제품', '010985 9069', 0, '1990-01-15', '싸고 좋은 제품 15'),
(16, '종현 제품', '016979 3309', 0, '1990-01-16', '싸고 좋은 제품 16'),
(17, '상현 제품', '010715 4586', 0, '1990-01-17', '싸고 좋은 제품 17'),
(18, '태영 제품', '010466 4402', 0, '1990-01-18', '싸고 좋은 제품 18'),
(19, '영진 제품', '010930 1586', 1, '1990-01-19', '싸고 좋은 제품 19'),
(20, '찬범 제품', '010296 5437', 0, '1990-01-20', '싸고 좋은 제품 20'),
(21, '지은 제품', '010959 9293', 0, '1990-01-21', '싸고 좋은 제품 21'),
(22, '준석 제품', '010455 5203', 0, '1990-01-22', '싸고 좋은 제품 22'),
(23, '윤진 제품', '010390 9565', 0, '1990-01-23', '싸고 좋은 제품 23'),
(24, '영진 제품', '010474 1735', 0, '1990-01-24', '싸고 좋은 제품 24'),
(25, '진형 제품', '010297 2059', 0, '1990-01-25', '싸고 좋은 제품 25'),
(26, '명한 제품', '011173 1347', 1, '1990-01-26', '싸고 좋은 제품 26'),
(27, '동진 제품', '010323 4656', 0, '1990-01-27', '싸고 좋은 제품 27'),
(28, '신영 제품', '010325 3479', 0, '1990-01-28', '싸고 좋은 제품 28'),
(29, '윤성 제품', '010222 3028', 0, '1990-01-29', '싸고 좋은 제품 29'),
(30, '재형 제품', '010356 4503', 0, '1990-01-30', '싸고 좋은 제품 30'),
(31, '동우 제품', '011291 4844', 0, '1990-01-31', '싸고 좋은 제품 31'),
(32, '진철 제품', '010301 6720', 0, '1990-02-01', '싸고 좋은 제품 32'),
(33, '교선 제품', '010237 4540', 0, '1990-02-02', '싸고 좋은 제품 33'),
(34, '다솔 제품', '010986 3220', 1, '1990-02-03', '싸고 좋은 제품 34'),
(35, '용석 제품', '010659 6853', 0, '1990-02-04', '싸고 좋은 제품 35'),
(36, '광현 제품', '010722 5035', 0, '1990-02-05', '싸고 좋은 제품 36'),
(37, '민석 제품', '019346 0583', 0, '1990-02-06', '싸고 좋은 제품 37'),
(38, '민식 제품', '016441 4818', 0, '1990-02-07', '싸고 좋은 제품 38'),
(39, '호진 제품', '010240 5917', 0, '1990-02-08', '싸고 좋은 제품 39'),
(40, '설희 제품', '010757 9430', 0, '1990-02-09', '싸고 좋은 제품 40'),
(41, '혜미 제품', '010245 7190', 0, '1990-02-10', '싸고 좋은 제품 41'),
(42, '상민 제품', '010365 4347', 0, '1990-02-11', '싸고 좋은 제품 42'),
(43, '다운 제품', '010353 7019', 1, '1990-02-12', '싸고 좋은 제품 43'),
(44, '일남 제품', '010969 3917', 0, '1990-02-13', '싸고 좋은 제품 44'),
(45, '지우 제품', '011910 7558', 0, '1990-02-14', '싸고 좋은 제품 45'),
(46, '승근 제품', '010257 4788', 0, '1990-02-15', '싸고 좋은 제품 46'),
(47, '재승 제품', '010809 2792', 0, '1990-02-16', '싸고 좋은 제품 47'),
(48, '승현 제품', '010306 5978', 0, '1990-02-17', '싸고 좋은 제품 48'),
(49, '문현 제품', '010275 5634', 0, '1990-02-18', '싸고 좋은 제품 49'),
(50, '헌시 제품', '010202 3572', 0, '1990-02-19', '싸고 좋은 제품 50');

-- --------------------------------------------------------

--
-- 테이블 구조 `t_comment`
--

CREATE TABLE `t_comment` (
  `no15` int(11) NOT NULL,
  `t_member_no15` int(11) DEFAULT NULL,
  `t_post_no15` int(11) DEFAULT NULL,
  `comment15` varchar(255) DEFAULT NULL
) ENGINE=InnoDB DEFAULT CHARSET=utf8;

--
-- 테이블의 덤프 데이터 `t_comment`
--

INSERT INTO `t_comment` (`no15`, `t_member_no15`, `t_post_no15`, `comment15`) VALUES
(40, 2, 16, 'ㄴㅇ55ㅋㅌㅊㅋㅌㅅㅅㅅ'),
(41, 2, 16, '그랭ㅎㅎ'),
(42, 2, 15, '그랭ㅎㅎ'),
(46, 2, 16, 'alert&#40;no&#41;;'),
(47, 2, 16, 'alert&#40;no&#41;;'),
(48, 2, 16, 'alert&#40;no&#41;;'),
(49, 2, 16, 'alert&#40;no&#41;;'),
(50, 2, 16, 'alert&#40;no&#41;;'),
(51, 2, 16, 'alert&#40;no&#41;;'),
(52, 2, 16, 'alert&#40;no&#41;;'),
(53, 2, 16, 'alert&#40;no&#41;;'),
(54, 2, 16, 'alert&#40;no&#41;;'),
(57, 2, 15, 'zz'),
(58, 2, 15, 'ㅋㅋㅁㄴㅇ'),
(59, 2, 15, 'ㅁㅇㅁㅇㄴㅁㅇㄴㅁ'),
(60, 2, 15, '2'),
(61, 1, 20, '213'),
(62, 1, 20, '5'),
(63, 1, 26, '댓글'),
(64, 1, 26, 'ㅅㅅ'),
(65, 1, 26, 'ㅛㅛ'),
(66, 1, 26, 'ㄱㄱ'),
(67, 1, 26, 'ㅇㅇ'),
(68, 1, 23, '55');

-- --------------------------------------------------------

--
-- 테이블 구조 `t_help`
--

CREATE TABLE `t_help` (
  `no15` int(11) NOT NULL,
  `t_member_id15` varchar(20) DEFAULT NULL,
  `t_member_email15` varchar(20) DEFAULT NULL,
  `board15` varchar(200) DEFAULT NULL
) ENGINE=InnoDB DEFAULT CHARSET=utf8;

--
-- 테이블의 덤프 데이터 `t_help`
--

INSERT INTO `t_help` (`no15`, `t_member_id15`, `t_member_email15`, `board15`) VALUES
(13, '201612035', '123@123', '건의테스트1'),
(14, '201612035', '123@123', '건의테스트2'),
(15, '201612035', '123@123', '건의테스트3'),
(16, '201612035', '123@123', '건의테스트4'),
(17, '201612035', '123@123', '건의테스트5\n'),
(18, '201612035', '123@123', '건의테스트6'),
(19, '201612035', '123@123', '건의테스트7'),
(20, '201612035', '123@123', '건의테스트8'),
(21, '201612035', '123@123', '건의테스트9');

-- --------------------------------------------------------

--
-- 테이블 구조 `t_member`
--

CREATE TABLE `t_member` (
  `no15` int(11) NOT NULL,
  `id15` varchar(20) DEFAULT NULL,
  `pw15` varchar(20) DEFAULT NULL,
  `name15` varchar(20) DEFAULT NULL,
  `email15` varchar(20) DEFAULT NULL,
  `tel15` varchar(14) DEFAULT NULL,
  `birth15` date DEFAULT NULL,
  `nick15` varchar(20) DEFAULT NULL,
  `juso15` varchar(255) DEFAULT NULL,
  `sex15` tinyint(4) NOT NULL,
  `okno15` tinyint(4) DEFAULT NULL,
  `rank15` tinyint(4) DEFAULT NULL,
  `oknonum15` varchar(15) NOT NULL
) ENGINE=InnoDB DEFAULT CHARSET=utf8;

--
-- 테이블의 덤프 데이터 `t_member`
--

INSERT INTO `t_member` (`no15`, `id15`, `pw15`, `name15`, `email15`, `tel15`, `birth15`, `nick15`, `juso15`, `sex15`, `okno15`, `rank15`, `oknonum15`) VALUES
(1, 'admin', '1234', '김선규', 'doerksk@naver.com', '010-1234-5678', '1997-06-03', '김선규', '경기도 의정부시', 0, 1, 1, ''),
(2, '1', '11', '김규', 'tt@tt.tt', '010-1234-5678', '1996-06-06', 'adskdksqk', 'tt', 1, 1, NULL, ''),
(3, '213', '2', '길동', '2@2', '010-8859-4075', '1997-11-11', '2', '2', 1, 1, 1, ''),
(20, 'tttt', 'tttttt', '가길동', '343t@34t', '010-1234-567', '1997-06-01', '3t4', '3t4', 1, 1, 0, ''),
(24, 'test1', 'test1', '나길동', 'test1@test1.test1', '010-1234-5678', '1998-01-01', 'test1', 'test1', 0, 1, 0, ''),
(25, 'test2', 'test2', '다길동', 'doerksk@naver.com', '010-1234-5678', '1997-01-01', 'test2', 'test2', 1, 1, 0, ''),
(26, 'test3', 'test3', '라길동', 'doerksk@naver.com', '010-1234-5678', '1997-01-01', 'test3', 'test3', 0, 0, 0, ''),
(27, 'test4', 'test4', '마길동', 'test4@test4.com', '010-1234-5678', '1997-01-01', 'test4', 'test4', 1, 1, 0, ''),
(28, 'test5', 'test5', '바길동', '123@123', '010-1234-5678', '1997-01-01', 'test5', 'test5', 0, 1, 0, ''),
(29, 'test6', 'test6', '사길동', '123@123', '010-1234-5678', '1997-01-01', 'test6', 'test6', 0, 1, 0, ''),
(30, 'test7', 'test7', '아길동', '123@123', '010-1234-5678', '1997-01-01', 'test7', 'test7', 0, 1, 0, ''),
(31, 'test8', 'test8', '자길동', '123@123', '010-1234-5678', '1997-01-01', 'test8', 'test8', 0, 1, 0, ''),
(32, 'test9', 'test9', '차길동', '123@123', '010-1234-5678', '1997-01-01', 'test9', 'test9', 0, 1, 0, ''),
(33, 'test10', 'test10', '타길동', '123@123', '010-1234-5678', '1997-01-01', 'test10', 'test10', 0, 1, 0, ''),
(34, 'test11', 'test11', '파길동', '123@123', '010-1234-5678', '1997-01-01', 'test11', 'test11', 1, 1, 1, ''),
(36, '고길동', '고길동', '고길동', 'asd@asd.com', '010-1234-5678', '1997-06-01', '고길동', '고길동', 0, 0, 0, ''),
(37, '132', '123', '노길동', 'asd@asd.com', '010-1234-5678', '1997-06-01', '고길동', '고길동', 0, 0, 0, ''),
(38, '2243', 'r3232', '도길동', 'asd@asd.com', '010-1234-5678', '1997-06-01', '도길동', '고길동', 1, 0, 0, ''),
(39, '고길동ㅇㄴㅁ', 'ㅁㄴㅇㅇㅁㄴ', '로길동', 'asd@asd.com', '010-1234-5678', '1997-06-01', '고길동', '고길동', 1, 0, 0, ''),
(40, '모길동', '123', '모길동', 'asd@asd.com', '010-1234-5678', '1997-06-01', '모길동', '모길동', 0, 0, 0, ''),
(41, '보길동', '123', '보길동', 'asd@asd.com', '010-1234-5678', '1997-06-01', '보길동', '보길동', 0, 0, 0, ''),
(42, '소길동', '소길동', '소길동', 'asd@asd.com', '010-1234-5678', '1997-06-01', '소길동', '소길동', 1, 0, 0, ''),
(43, '오길동', '고길동', '오길동', 'asd@asd.com', '010-1234-5678', '1997-06-01', '오길동', '오길동', 1, 0, 0, ''),
(44, 'ㄱㄱㄱ', '123213', '이락준', '10gkrwns@naver.com', '010-1234-5678', '1999-01-01', '321321', '312132321', 0, 0, 0, 'CkYtPyT9Mu'),
(45, 'ㅁㅁㅁ', '123213', '이락준', '10gkrwns@naver.com', '010-1234-5678', '1999-01-01', '321321', '312132321', 0, 0, 0, '847Qyr1kAE'),
(46, '1213312321', '123213', '이락준', '10gkrwns@naver.com', '010-1234-5678', '1999-01-01', '321321', '312132321', 0, 0, 0, 'h5zsanatUb'),
(47, '12133123216', '123213', '이락준', '10gkrwns@naver.com', '010-1234-5678', '1999-01-01', '321321', '312132321', 0, 0, 0, 'hXJfe2Jhny'),
(48, '12', '123213', '이락준', '10gkrwns@naver.com', '010-1234-5678', '1999-01-01', '321321', '312132321', 0, 0, 0, 'qTzAt39Fkt'),
(49, 'ㅁㄴㅇㅁㅇㄴ', 'ㅁㄴㅇ', '이핵준', '10gkrwns@naver.com', '010-1234-5678', '1999-01-01', '10gkrwns', 'asd', 0, 0, 0, 'Y6grrV2Xev'),
(50, 'ㅁㄴㅇㅁㅇㄴw', 'ㅁㄴㅇ', '이핵준', '10gkrwns@naver.com', '010-1234-5678', '1999-01-01', '10gkrwns', 'asd', 0, 0, 0, 'rxjMxk9drf'),
(51, 'asdzx', 'ㅁㄴㅇ', '이핵준', '10gkrwns@naver.com', '010-1234-5678', '1999-01-01', '10gkrwns', 'asd', 0, 0, 0, 'j5t2GzKMJw'),
(52, 'asdzx7', 'asd', '이핵준', '10gkrwns@naver.com', '010-1234-5678', '1999-01-01', '10gkrwns', 'asd', 0, 1, 0, ''),
(53, 'dlgkrwns', '123', '이학준', '10gkrwns@naver.com', '010-1234-5678', '1999-01-01', '리학준', 'asd', 1, 1, 0, ''),
(54, 'abcd', '1234', '김산규', 'deorksk@naver.com', '010-1112-1112', '1997-06-03', '아나카느저', '우터나재다', 0, 0, 0, 'tnRcqxEKkq'),
(55, 'abcd1', '1234', '김산규', 'doerksk@naver.com', '010-1112-1112', '1997-06-03', '아나카느저', '우터나재다', 0, 1, 0, ''),
(56, 'akfkakfk', 'akfkakfk', '김선규', 'doerksk@naver.com', '010-1234-5678', '1997-06-01', '고길동', 'asd', 0, 1, 0, ''),
(57, '213221', '고길동', '김선규', 'asd@asd.com', '010-1234-5678', '1997-06-01', 'ads', 'ads', 0, 0, 0, 'eefLKqggi6'),
(58, '123', '213132321', '김사맘', 'doerksk@naver.com', '010-1234-5678', '1997-06-03', 'adsadsqw', 'asddw', 1, 1, 0, 'RJaqUpYJeX'),
(59, '3', '3', '3', 'doerksk@naver.com', '010-1234-5678', '1999-01-01', '3', '3', 0, 0, 0, 'pPdM_YOxxj');

-- --------------------------------------------------------

--
-- 테이블 구조 `t_notice`
--

CREATE TABLE `t_notice` (
  `no15` int(11) NOT NULL,
  `title15` varchar(20) DEFAULT NULL,
  `board15` varchar(200) DEFAULT NULL,
  `report_date15` date NOT NULL
) ENGINE=InnoDB DEFAULT CHARSET=utf8;

--
-- 테이블의 덤프 데이터 `t_notice`
--

INSERT INTO `t_notice` (`no15`, `title15`, `board15`, `report_date15`) VALUES
(10, '공지사항 테스트1', '123', '2019-11-08'),
(11, '공지사항 테스트2', '2', '2019-11-08'),
(12, '공지사항 테스트3', '공지사항 테스트3', '2019-11-08'),
(13, '공지사항 테스트4', '4', '2019-11-08'),
(14, '공지사항 테스트5', '공지사항 테스트5', '2019-11-08'),
(15, '공지사항 테스트6', '5', '2019-11-08'),
(16, '공지사항 테스트7', '234', '2019-11-08'),
(17, '공지사항 테스트8', '234', '2019-11-08'),
(18, '공지사항 테스트9', '423', '2019-11-08'),
(19, '공지사항 테스트10', '44', '2019-11-08'),
(20, '공지사항 테스트111', '3', '2019-11-08');

-- --------------------------------------------------------

--
-- 테이블 구조 `t_post`
--

CREATE TABLE `t_post` (
  `no15` int(11) NOT NULL,
  `t_member_no15` int(11) DEFAULT NULL,
  `title15` varchar(30) DEFAULT NULL,
  `country15` varchar(20) DEFAULT NULL,
  `money15` int(11) DEFAULT NULL,
  `startday15` date DEFAULT NULL,
  `day15` int(11) DEFAULT NULL,
  `board15` varchar(255) DEFAULT NULL,
  `report_date15` date DEFAULT NULL,
  `hits15` int(11) DEFAULT NULL,
  `comment_count15` int(11) DEFAULT 0,
  `gubun15` int(11) NOT NULL
) ENGINE=InnoDB DEFAULT CHARSET=utf8;

--
-- 테이블의 덤프 데이터 `t_post`
--

INSERT INTO `t_post` (`no15`, `t_member_no15`, `title15`, `country15`, `money15`, `startday15`, `day15`, `board15`, `report_date15`, `hits15`, `comment_count15`, `gubun15`) VALUES
(4, 1, '안녕하새요//아니요 살려주세요', '우리집', 50, '2019-01-01', 99, '반갑습니다.', '2019-11-04', 3, 0, 5),
(7, 1, '22', '123', 123, '0000-00-00', 123, '132', '2019-11-06', 26, 0, 1),
(15, 2, '오 안늉 ㅎㅎㅎㅎ', '양주', 0, '0000-00-00', 0, 'ㅁㅁ', '2019-11-07', 83, 5, 1),
(16, 2, '아 게임지기 들어오기 힘들었다', '동두천', 123, '9999-11-11', 12, '2231', '2019-11-07', 205, 11, 1),
(18, 1, '123123', '통영', 123, '1997-06-03', 123, '213', '2019-11-08', 29, 0, 1),
(19, 1, 'ㅅㅅㅅㅅㅅㅅㅅㅅㅅㅅㅅㅅㅅㅅㅅㅅㅅㅅㅅㅅㅅㅅㅅㅅㅅㅅㅅㅅㅅㅅ', '강원도', 0, '1997-06-03', 22, 'ㅏ마', '2019-11-09', 8, 0, 1),
(20, 1, '게시글테스트1', '부산', 2, '2019-11-10', 242, '게시글테스트1', '2019-11-10', 15, 2, 1),
(21, 1, '게시글테스트2', '의정부', 1, '2010-11-10', 24, '게시글테스트', '2019-11-10', 2, 0, 1),
(22, 1, '게시글테스트3', '서울', 22, '2019-12-12', 13, '13', '2019-11-10', 3, 0, 1),
(23, 1, '게시글테스트4', '제주도', 30, '2019-11-10', 24, '게시글테스트', '2019-11-10', 8, 0, 1),
(24, 1, '게시글테스트5', '인천', 1, '2019-01-01', 2, '게시글테스트', '2019-11-10', 0, 0, 1),
(25, 1, '게시글 테스트6', '한강', 1, '2019-01-01', 99, 'ㄴ', '2019-11-10', 12, 0, 1),
(26, 1, '게시글테스트7', '태국', 100, '2019-11-10', 88, '게시글테스트7', '2019-11-10', 8, 4, 2);

--
-- 덤프된 테이블의 인덱스
--

--
-- 테이블의 인덱스 `gubun`
--
ALTER TABLE `gubun`
  ADD PRIMARY KEY (`no15`);

--
-- 테이블의 인덱스 `jangbu`
--
ALTER TABLE `jangbu`
  ADD PRIMARY KEY (`no15`);

--
-- 테이블의 인덱스 `member`
--
ALTER TABLE `member`
  ADD PRIMARY KEY (`no15`);

--
-- 테이블의 인덱스 `member_p`
--
ALTER TABLE `member_p`
  ADD PRIMARY KEY (`no15`);

--
-- 테이블의 인덱스 `post`
--
ALTER TABLE `post`
  ADD PRIMARY KEY (`no15`);

--
-- 테이블의 인덱스 `product`
--
ALTER TABLE `product`
  ADD PRIMARY KEY (`no15`);

--
-- 테이블의 인덱스 `temp`
--
ALTER TABLE `temp`
  ADD PRIMARY KEY (`no15`);

--
-- 테이블의 인덱스 `test`
--
ALTER TABLE `test`
  ADD PRIMARY KEY (`no55`);

--
-- 테이블의 인덱스 `t_comment`
--
ALTER TABLE `t_comment`
  ADD PRIMARY KEY (`no15`);

--
-- 테이블의 인덱스 `t_help`
--
ALTER TABLE `t_help`
  ADD PRIMARY KEY (`no15`);

--
-- 테이블의 인덱스 `t_member`
--
ALTER TABLE `t_member`
  ADD PRIMARY KEY (`no15`);

--
-- 테이블의 인덱스 `t_notice`
--
ALTER TABLE `t_notice`
  ADD PRIMARY KEY (`no15`);

--
-- 테이블의 인덱스 `t_post`
--
ALTER TABLE `t_post`
  ADD PRIMARY KEY (`no15`);

--
-- 덤프된 테이블의 AUTO_INCREMENT
--

--
-- 테이블의 AUTO_INCREMENT `gubun`
--
ALTER TABLE `gubun`
  MODIFY `no15` int(11) NOT NULL AUTO_INCREMENT, AUTO_INCREMENT=48;

--
-- 테이블의 AUTO_INCREMENT `jangbu`
--
ALTER TABLE `jangbu`
  MODIFY `no15` int(11) NOT NULL AUTO_INCREMENT, AUTO_INCREMENT=20;

--
-- 테이블의 AUTO_INCREMENT `member`
--
ALTER TABLE `member`
  MODIFY `no15` int(11) NOT NULL AUTO_INCREMENT, AUTO_INCREMENT=95;

--
-- 테이블의 AUTO_INCREMENT `member_p`
--
ALTER TABLE `member_p`
  MODIFY `no15` int(11) NOT NULL AUTO_INCREMENT, AUTO_INCREMENT=7;

--
-- 테이블의 AUTO_INCREMENT `test`
--
ALTER TABLE `test`
  MODIFY `no55` int(11) NOT NULL AUTO_INCREMENT, AUTO_INCREMENT=51;
COMMIT;

/*!40101 SET CHARACTER_SET_CLIENT=@OLD_CHARACTER_SET_CLIENT */;
/*!40101 SET CHARACTER_SET_RESULTS=@OLD_CHARACTER_SET_RESULTS */;
/*!40101 SET COLLATION_CONNECTION=@OLD_COLLATION_CONNECTION */;
